--------------------------------------------------------
--  File created - Thursday-July-23-2015   
--------------------------------------------------------
--------------------------------------------------------
--  DDL for Sequence EMPLOYEES_SEQ
--------------------------------------------------------

   CREATE SEQUENCE  "ADMIN"."EMPLOYEES_SEQ"  MINVALUE 1 MAXVALUE 9999999999999999999999999999 INCREMENT BY 1 START WITH 21 CACHE 20 NOORDER  NOCYCLE ;
--------------------------------------------------------
--  DDL for Sequence MEASURES_SEQ
--------------------------------------------------------

   CREATE SEQUENCE  "ADMIN"."MEASURES_SEQ"  MINVALUE 1 MAXVALUE 9999999999999999999999999999 INCREMENT BY 1 START WITH 21 CACHE 20 NOORDER  NOCYCLE ;
--------------------------------------------------------
--  DDL for Sequence MEASURES_SEQ1
--------------------------------------------------------

   CREATE SEQUENCE  "ADMIN"."MEASURES_SEQ1"  MINVALUE 1 MAXVALUE 9999999999999999999999999999 INCREMENT BY 1 START WITH 41 CACHE 20 NOORDER  NOCYCLE ;
--------------------------------------------------------
--  DDL for Sequence PRODUCTS_SEQ
--------------------------------------------------------

   CREATE SEQUENCE  "ADMIN"."PRODUCTS_SEQ"  MINVALUE 1 MAXVALUE 9999999999999999999999999999 INCREMENT BY 1 START WITH 21 CACHE 20 NOORDER  NOCYCLE ;
--------------------------------------------------------
--  DDL for Sequence VENDORS_SEQ
--------------------------------------------------------

   CREATE SEQUENCE  "ADMIN"."VENDORS_SEQ"  MINVALUE 1 MAXVALUE 9999999999999999999999999999 INCREMENT BY 1 START WITH 1 CACHE 20 NOORDER  NOCYCLE ;
--------------------------------------------------------
--  DDL for Sequence VENDORS_SEQ1
--------------------------------------------------------

   CREATE SEQUENCE  "ADMIN"."VENDORS_SEQ1"  MINVALUE 1 MAXVALUE 9999999999999999999999999999 INCREMENT BY 1 START WITH 41 CACHE 20 NOORDER  NOCYCLE ;
--------------------------------------------------------
--  DDL for Table CATEGORIES
--------------------------------------------------------

  CREATE TABLE "ADMIN"."CATEGORIES" 
   (	"ID" NUMBER, 
	"NAME" NVARCHAR2(20)
   ) SEGMENT CREATION IMMEDIATE 
  PCTFREE 10 PCTUSED 40 INITRANS 1 MAXTRANS 255 NOCOMPRESS LOGGING
  STORAGE(INITIAL 65536 NEXT 1048576 MINEXTENTS 1 MAXEXTENTS 2147483645
  PCTINCREASE 0 FREELISTS 1 FREELIST GROUPS 1 BUFFER_POOL DEFAULT FLASH_CACHE DEFAULT CELL_FLASH_CACHE DEFAULT)
  TABLESPACE "USERS" ;
--------------------------------------------------------
--  DDL for Table EMPLOYEES
--------------------------------------------------------

  CREATE TABLE "ADMIN"."EMPLOYEES" 
   (	"ID" NUMBER, 
	"FIRST_NAME" NVARCHAR2(100), 
	"LAST_NAME" NVARCHAR2(100), 
	"SALARY" FLOAT(126)
   ) SEGMENT CREATION IMMEDIATE 
  PCTFREE 10 PCTUSED 40 INITRANS 1 MAXTRANS 255 NOCOMPRESS LOGGING
  STORAGE(INITIAL 65536 NEXT 1048576 MINEXTENTS 1 MAXEXTENTS 2147483645
  PCTINCREASE 0 FREELISTS 1 FREELIST GROUPS 1 BUFFER_POOL DEFAULT FLASH_CACHE DEFAULT CELL_FLASH_CACHE DEFAULT)
  TABLESPACE "USERS" ;
--------------------------------------------------------
--  DDL for Table PRODUCTS
--------------------------------------------------------

  CREATE TABLE "ADMIN"."PRODUCTS" 
   (	"ID" NUMBER, 
	"NAME" NVARCHAR2(60), 
	"VENDORID" NUMBER, 
	"CATEGORYID" NUMBER, 
	"PRICE" FLOAT(126), 
	"QUANTITY" NUMBER, 
	"EXPIRATION_DATE" DATE
   ) SEGMENT CREATION IMMEDIATE 
  PCTFREE 10 PCTUSED 40 INITRANS 1 MAXTRANS 255 NOCOMPRESS LOGGING
  STORAGE(INITIAL 65536 NEXT 1048576 MINEXTENTS 1 MAXEXTENTS 2147483645
  PCTINCREASE 0 FREELISTS 1 FREELIST GROUPS 1 BUFFER_POOL DEFAULT FLASH_CACHE DEFAULT CELL_FLASH_CACHE DEFAULT)
  TABLESPACE "USERS" ;
--------------------------------------------------------
--  DDL for Table VENDORS
--------------------------------------------------------

  CREATE TABLE "ADMIN"."VENDORS" 
   (	"ID" NUMBER, 
	"NAME" NVARCHAR2(200), 
	"PHONE_NUMBER" NVARCHAR2(50), 
	"CATEGORYID" NUMBER
   ) SEGMENT CREATION IMMEDIATE 
  PCTFREE 10 PCTUSED 40 INITRANS 1 MAXTRANS 255 NOCOMPRESS LOGGING
  STORAGE(INITIAL 65536 NEXT 1048576 MINEXTENTS 1 MAXEXTENTS 2147483645
  PCTINCREASE 0 FREELISTS 1 FREELIST GROUPS 1 BUFFER_POOL DEFAULT FLASH_CACHE DEFAULT CELL_FLASH_CACHE DEFAULT)
  TABLESPACE "USERS" ;
REM INSERTING into ADMIN.CATEGORIES
SET DEFINE OFF;
Insert into ADMIN.CATEGORIES (ID,NAME) values (1,'spirited drink');
Insert into ADMIN.CATEGORIES (ID,NAME) values (2,'tobacco');
Insert into ADMIN.CATEGORIES (ID,NAME) values (3,'sweets');
Insert into ADMIN.CATEGORIES (ID,NAME) values (4,'nut');
Insert into ADMIN.CATEGORIES (ID,NAME) values (5,'soft drink');
REM INSERTING into ADMIN.EMPLOYEES
SET DEFINE OFF;
Insert into ADMIN.EMPLOYEES (ID,FIRST_NAME,LAST_NAME,SALARY) values (1,'Penka','Pencheva',801.2);
Insert into ADMIN.EMPLOYEES (ID,FIRST_NAME,LAST_NAME,SALARY) values (2,'Gosho','Goshev',900);
Insert into ADMIN.EMPLOYEES (ID,FIRST_NAME,LAST_NAME,SALARY) values (3,'Pesho','Peshev',900);
Insert into ADMIN.EMPLOYEES (ID,FIRST_NAME,LAST_NAME,SALARY) values (4,'Maria','Ivanova',700);
Insert into ADMIN.EMPLOYEES (ID,FIRST_NAME,LAST_NAME,SALARY) values (5,'Todor','Petkov',680.6);
Insert into ADMIN.EMPLOYEES (ID,FIRST_NAME,LAST_NAME,SALARY) values (6,'Mimoza','Rumenova',680.6);
REM INSERTING into ADMIN.PRODUCTS
SET DEFINE OFF;
Insert into ADMIN.PRODUCTS (ID,NAME,VENDORID,CATEGORYID,PRICE,QUANTITY,EXPIRATION_DATE) values (1,'Beer Bagorka',1,1,1.25,80,to_date('12-DEC-15','DD-MON-RR'));
Insert into ADMIN.PRODUCTS (ID,NAME,VENDORID,CATEGORYID,PRICE,QUANTITY,EXPIRATION_DATE) values (2,'Vodka Ultra',7,1,10.3,6,null);
Insert into ADMIN.PRODUCTS (ID,NAME,VENDORID,CATEGORYID,PRICE,QUANTITY,EXPIRATION_DATE) values (3,'Cashew',2,4,2.6,12,to_date('12-NOV-15','DD-MON-RR'));
Insert into ADMIN.PRODUCTS (ID,NAME,VENDORID,CATEGORYID,PRICE,QUANTITY,EXPIRATION_DATE) values (4,'ChocolateSuprice',3,3,2.8,30,to_date('06-SEP-15','DD-MON-RR'));
Insert into ADMIN.PRODUCTS (ID,NAME,VENDORID,CATEGORYID,PRICE,QUANTITY,EXPIRATION_DATE) values (5,'Moka Mola',5,5,0.9,120,to_date('19-NOV-15','DD-MON-RR'));
Insert into ADMIN.PRODUCTS (ID,NAME,VENDORID,CATEGORYID,PRICE,QUANTITY,EXPIRATION_DATE) values (6,'Moka Mola Orange',5,5,0.9,100,to_date('19-OCT-15','DD-MON-RR'));
Insert into ADMIN.PRODUCTS (ID,NAME,VENDORID,CATEGORYID,PRICE,QUANTITY,EXPIRATION_DATE) values (7,'Moka Mola Green',5,5,0.9,70,to_date('21-SEP-15','DD-MON-RR'));
Insert into ADMIN.PRODUCTS (ID,NAME,VENDORID,CATEGORYID,PRICE,QUANTITY,EXPIRATION_DATE) values (8,'Beer Barok',1,1,1.7,60,to_date('02-SEP-15','DD-MON-RR'));
Insert into ADMIN.PRODUCTS (ID,NAME,VENDORID,CATEGORYID,PRICE,QUANTITY,EXPIRATION_DATE) values (9,'Whiskey Happy Peasant',7,1,4.2,25,null);
Insert into ADMIN.PRODUCTS (ID,NAME,VENDORID,CATEGORYID,PRICE,QUANTITY,EXPIRATION_DATE) values (10,'BaraiBoro Red',4,2,5.2,2200,null);
Insert into ADMIN.PRODUCTS (ID,NAME,VENDORID,CATEGORYID,PRICE,QUANTITY,EXPIRATION_DATE) values (11,'BaraiBoro White',4,2,5.2,200,null);
Insert into ADMIN.PRODUCTS (ID,NAME,VENDORID,CATEGORYID,PRICE,QUANTITY,EXPIRATION_DATE) values (12,'BaraiBoro Blue',4,2,5.2,700,null);
Insert into ADMIN.PRODUCTS (ID,NAME,VENDORID,CATEGORYID,PRICE,QUANTITY,EXPIRATION_DATE) values (13,'Urnament Slim',4,2,6,500,null);
Insert into ADMIN.PRODUCTS (ID,NAME,VENDORID,CATEGORYID,PRICE,QUANTITY,EXPIRATION_DATE) values (14,'Urnament Hard',4,2,6,1223,null);
Insert into ADMIN.PRODUCTS (ID,NAME,VENDORID,CATEGORYID,PRICE,QUANTITY,EXPIRATION_DATE) values (15,'Urnament Silver',4,2,6,1212,null);
Insert into ADMIN.PRODUCTS (ID,NAME,VENDORID,CATEGORYID,PRICE,QUANTITY,EXPIRATION_DATE) values (16,'Pistachio',2,4,3.1,68,to_date('19-OCT-15','DD-MON-RR'));
Insert into ADMIN.PRODUCTS (ID,NAME,VENDORID,CATEGORYID,PRICE,QUANTITY,EXPIRATION_DATE) values (17,'Almond',2,4,3.1,68,to_date('17-SEP-15','DD-MON-RR'));
Insert into ADMIN.PRODUCTS (ID,NAME,VENDORID,CATEGORYID,PRICE,QUANTITY,EXPIRATION_DATE) values (18,'Peanut',2,4,1.05,234,to_date('16-JAN-16','DD-MON-RR'));
Insert into ADMIN.PRODUCTS (ID,NAME,VENDORID,CATEGORYID,PRICE,QUANTITY,EXPIRATION_DATE) values (19,'OldSellerRum',7,1,23.79,44,null);
Insert into ADMIN.PRODUCTS (ID,NAME,VENDORID,CATEGORYID,PRICE,QUANTITY,EXPIRATION_DATE) values (20,'TheWhiskey',7,1,30.12,23,null);
Insert into ADMIN.PRODUCTS (ID,NAME,VENDORID,CATEGORYID,PRICE,QUANTITY,EXPIRATION_DATE) values (21,'TheBetterWhiskey',7,1,65.5,123,null);
Insert into ADMIN.PRODUCTS (ID,NAME,VENDORID,CATEGORYID,PRICE,QUANTITY,EXPIRATION_DATE) values (22,'GoodCake',6,3,5,89,to_date('12-OCT-15','DD-MON-RR'));
Insert into ADMIN.PRODUCTS (ID,NAME,VENDORID,CATEGORYID,PRICE,QUANTITY,EXPIRATION_DATE) values (23,'BetterCake',6,3,5.99,34,to_date('20-NOV-15','DD-MON-RR'));
Insert into ADMIN.PRODUCTS (ID,NAME,VENDORID,CATEGORYID,PRICE,QUANTITY,EXPIRATION_DATE) values (24,'TheBestCake',6,3,7.99,32,to_date('11-DEC-15','DD-MON-RR'));
Insert into ADMIN.PRODUCTS (ID,NAME,VENDORID,CATEGORYID,PRICE,QUANTITY,EXPIRATION_DATE) values (25,'KinderShminder',3,3,0.99,12334,to_date('12-MAR-16','DD-MON-RR'));
REM INSERTING into ADMIN.VENDORS
SET DEFINE OFF;
Insert into ADMIN.VENDORS (ID,NAME,PHONE_NUMBER,CATEGORYID) values (1,'EasyDrinker Sofia Corp','(359)880312568',1);
Insert into ADMIN.VENDORS (ID,NAME,PHONE_NUMBER,CATEGORYID) values (2,'HotNuts LTD.','(02)123456',4);
Insert into ADMIN.VENDORS (ID,NAME,PHONE_NUMBER,CATEGORYID) values (3,'SweetyFat Corp','(359)880312562',3);
Insert into ADMIN.VENDORS (ID,NAME,PHONE_NUMBER,CATEGORYID) values (4,'Smoky Trading Co.','(359)880314211',2);
Insert into ADMIN.VENDORS (ID,NAME,PHONE_NUMBER,CATEGORYID) values (5,'Moka Mola LTD','(02)765432',5);
Insert into ADMIN.VENDORS (ID,NAME,PHONE_NUMBER,CATEGORYID) values (6,'TheCakes Corp','(359)880232211',3);
Insert into ADMIN.VENDORS (ID,NAME,PHONE_NUMBER,CATEGORYID) values (7,'HardDrinker Sofia Corp','(359)880312562',1);
--------------------------------------------------------
--  DDL for Index EMPLOYEES_PK
--------------------------------------------------------

  CREATE UNIQUE INDEX "ADMIN"."EMPLOYEES_PK" ON "ADMIN"."EMPLOYEES" ("ID") 
  PCTFREE 10 INITRANS 2 MAXTRANS 255 
  STORAGE(INITIAL 65536 NEXT 1048576 MINEXTENTS 1 MAXEXTENTS 2147483645
  PCTINCREASE 0 FREELISTS 1 FREELIST GROUPS 1 BUFFER_POOL DEFAULT FLASH_CACHE DEFAULT CELL_FLASH_CACHE DEFAULT)
  TABLESPACE "USERS" ;
--------------------------------------------------------
--  DDL for Index MEASURES_PK
--------------------------------------------------------

  CREATE UNIQUE INDEX "ADMIN"."MEASURES_PK" ON "ADMIN"."CATEGORIES" ("ID") 
  PCTFREE 10 INITRANS 2 MAXTRANS 255 COMPUTE STATISTICS 
  STORAGE(INITIAL 65536 NEXT 1048576 MINEXTENTS 1 MAXEXTENTS 2147483645
  PCTINCREASE 0 FREELISTS 1 FREELIST GROUPS 1 BUFFER_POOL DEFAULT FLASH_CACHE DEFAULT CELL_FLASH_CACHE DEFAULT)
  TABLESPACE "USERS" ;
--------------------------------------------------------
--  DDL for Index PRODUCTS_PK
--------------------------------------------------------

  CREATE UNIQUE INDEX "ADMIN"."PRODUCTS_PK" ON "ADMIN"."PRODUCTS" ("ID") 
  PCTFREE 10 INITRANS 2 MAXTRANS 255 COMPUTE STATISTICS 
  STORAGE(INITIAL 65536 NEXT 1048576 MINEXTENTS 1 MAXEXTENTS 2147483645
  PCTINCREASE 0 FREELISTS 1 FREELIST GROUPS 1 BUFFER_POOL DEFAULT FLASH_CACHE DEFAULT CELL_FLASH_CACHE DEFAULT)
  TABLESPACE "USERS" ;
--------------------------------------------------------
--  DDL for Index VENDORS_PK
--------------------------------------------------------

  CREATE UNIQUE INDEX "ADMIN"."VENDORS_PK" ON "ADMIN"."VENDORS" ("ID") 
  PCTFREE 10 INITRANS 2 MAXTRANS 255 COMPUTE STATISTICS 
  STORAGE(INITIAL 65536 NEXT 1048576 MINEXTENTS 1 MAXEXTENTS 2147483645
  PCTINCREASE 0 FREELISTS 1 FREELIST GROUPS 1 BUFFER_POOL DEFAULT FLASH_CACHE DEFAULT CELL_FLASH_CACHE DEFAULT)
  TABLESPACE "USERS" ;
--------------------------------------------------------
--  Constraints for Table CATEGORIES
--------------------------------------------------------

  ALTER TABLE "ADMIN"."CATEGORIES" MODIFY ("NAME" NOT NULL ENABLE);
  ALTER TABLE "ADMIN"."CATEGORIES" ADD CONSTRAINT "MEASURES_PK" PRIMARY KEY ("ID")
  USING INDEX PCTFREE 10 INITRANS 2 MAXTRANS 255 COMPUTE STATISTICS 
  STORAGE(INITIAL 65536 NEXT 1048576 MINEXTENTS 1 MAXEXTENTS 2147483645
  PCTINCREASE 0 FREELISTS 1 FREELIST GROUPS 1 BUFFER_POOL DEFAULT FLASH_CACHE DEFAULT CELL_FLASH_CACHE DEFAULT)
  TABLESPACE "USERS"  ENABLE;
  ALTER TABLE "ADMIN"."CATEGORIES" MODIFY ("ID" NOT NULL ENABLE);
--------------------------------------------------------
--  Constraints for Table EMPLOYEES
--------------------------------------------------------

  ALTER TABLE "ADMIN"."EMPLOYEES" ADD CONSTRAINT "EMPLOYEES_PK" PRIMARY KEY ("ID")
  USING INDEX PCTFREE 10 INITRANS 2 MAXTRANS 255 
  STORAGE(INITIAL 65536 NEXT 1048576 MINEXTENTS 1 MAXEXTENTS 2147483645
  PCTINCREASE 0 FREELISTS 1 FREELIST GROUPS 1 BUFFER_POOL DEFAULT FLASH_CACHE DEFAULT CELL_FLASH_CACHE DEFAULT)
  TABLESPACE "USERS"  ENABLE;
  ALTER TABLE "ADMIN"."EMPLOYEES" MODIFY ("SALARY" NOT NULL ENABLE);
  ALTER TABLE "ADMIN"."EMPLOYEES" MODIFY ("LAST_NAME" NOT NULL ENABLE);
  ALTER TABLE "ADMIN"."EMPLOYEES" MODIFY ("FIRST_NAME" NOT NULL ENABLE);
  ALTER TABLE "ADMIN"."EMPLOYEES" MODIFY ("ID" NOT NULL ENABLE);
--------------------------------------------------------
--  Constraints for Table PRODUCTS
--------------------------------------------------------

  ALTER TABLE "ADMIN"."PRODUCTS" MODIFY ("QUANTITY" NOT NULL ENABLE);
  ALTER TABLE "ADMIN"."PRODUCTS" ADD CONSTRAINT "PRODUCTS_PK" PRIMARY KEY ("ID")
  USING INDEX PCTFREE 10 INITRANS 2 MAXTRANS 255 COMPUTE STATISTICS 
  STORAGE(INITIAL 65536 NEXT 1048576 MINEXTENTS 1 MAXEXTENTS 2147483645
  PCTINCREASE 0 FREELISTS 1 FREELIST GROUPS 1 BUFFER_POOL DEFAULT FLASH_CACHE DEFAULT CELL_FLASH_CACHE DEFAULT)
  TABLESPACE "USERS"  ENABLE;
  ALTER TABLE "ADMIN"."PRODUCTS" MODIFY ("PRICE" NOT NULL ENABLE);
  ALTER TABLE "ADMIN"."PRODUCTS" MODIFY ("CATEGORYID" NOT NULL ENABLE);
  ALTER TABLE "ADMIN"."PRODUCTS" MODIFY ("VENDORID" NOT NULL ENABLE);
  ALTER TABLE "ADMIN"."PRODUCTS" MODIFY ("NAME" NOT NULL ENABLE);
  ALTER TABLE "ADMIN"."PRODUCTS" MODIFY ("ID" NOT NULL ENABLE);
--------------------------------------------------------
--  Constraints for Table VENDORS
--------------------------------------------------------

  ALTER TABLE "ADMIN"."VENDORS" MODIFY ("CATEGORYID" NOT NULL ENABLE);
  ALTER TABLE "ADMIN"."VENDORS" ADD CONSTRAINT "VENDORS_PK" PRIMARY KEY ("ID")
  USING INDEX PCTFREE 10 INITRANS 2 MAXTRANS 255 COMPUTE STATISTICS 
  STORAGE(INITIAL 65536 NEXT 1048576 MINEXTENTS 1 MAXEXTENTS 2147483645
  PCTINCREASE 0 FREELISTS 1 FREELIST GROUPS 1 BUFFER_POOL DEFAULT FLASH_CACHE DEFAULT CELL_FLASH_CACHE DEFAULT)
  TABLESPACE "USERS"  ENABLE;
  ALTER TABLE "ADMIN"."VENDORS" MODIFY ("NAME" NOT NULL ENABLE);
  ALTER TABLE "ADMIN"."VENDORS" MODIFY ("ID" NOT NULL ENABLE);
--------------------------------------------------------
--  Ref Constraints for Table PRODUCTS
--------------------------------------------------------

  ALTER TABLE "ADMIN"."PRODUCTS" ADD CONSTRAINT "PRODUCTS_FK1" FOREIGN KEY ("VENDORID")
	  REFERENCES "ADMIN"."VENDORS" ("ID") ENABLE;
  ALTER TABLE "ADMIN"."PRODUCTS" ADD CONSTRAINT "PRODUCTS_FK2" FOREIGN KEY ("CATEGORYID")
	  REFERENCES "ADMIN"."CATEGORIES" ("ID") ENABLE;
--------------------------------------------------------
--  Ref Constraints for Table VENDORS
--------------------------------------------------------

  ALTER TABLE "ADMIN"."VENDORS" ADD CONSTRAINT "VENDORS_FK1" FOREIGN KEY ("CATEGORYID")
	  REFERENCES "ADMIN"."CATEGORIES" ("ID") ENABLE;
--------------------------------------------------------
--  DDL for Trigger EMPLOYEES_TRG
--------------------------------------------------------

  CREATE OR REPLACE TRIGGER "ADMIN"."EMPLOYEES_TRG" 
BEFORE INSERT ON EMPLOYEES 
FOR EACH ROW 
BEGIN
  <<COLUMN_SEQUENCES>>
  BEGIN
    IF INSERTING AND :NEW.ID IS NULL THEN
      SELECT EMPLOYEES_SEQ.NEXTVAL INTO :NEW.ID FROM SYS.DUAL;
    END IF;
  END COLUMN_SEQUENCES;
END;
/
ALTER TRIGGER "ADMIN"."EMPLOYEES_TRG" ENABLE;
--------------------------------------------------------
--  DDL for Trigger MEASURES_TRG
--------------------------------------------------------

  CREATE OR REPLACE TRIGGER "ADMIN"."MEASURES_TRG" 
BEFORE INSERT ON CATEGORIES 
FOR EACH ROW 
BEGIN
  <<COLUMN_SEQUENCES>>
  BEGIN
    NULL;
  END COLUMN_SEQUENCES;
END;
/
ALTER TRIGGER "ADMIN"."MEASURES_TRG" ENABLE;
--------------------------------------------------------
--  DDL for Trigger MEASURES_TRG1
--------------------------------------------------------

  CREATE OR REPLACE TRIGGER "ADMIN"."MEASURES_TRG1" 
BEFORE INSERT ON CATEGORIES 
FOR EACH ROW 
BEGIN
  <<COLUMN_SEQUENCES>>
  BEGIN
    IF INSERTING THEN
      SELECT MEASURES_SEQ1.NEXTVAL INTO :NEW.ID FROM SYS.DUAL;
    END IF;
  END COLUMN_SEQUENCES;
END;
/
ALTER TRIGGER "ADMIN"."MEASURES_TRG1" ENABLE;
--------------------------------------------------------
--  DDL for Trigger PRODUCTS_TRG
--------------------------------------------------------

  CREATE OR REPLACE TRIGGER "ADMIN"."PRODUCTS_TRG" 
BEFORE INSERT ON PRODUCTS 
FOR EACH ROW 
BEGIN
  <<COLUMN_SEQUENCES>>
  BEGIN
    NULL;
  END COLUMN_SEQUENCES;
END;
/
ALTER TRIGGER "ADMIN"."PRODUCTS_TRG" ENABLE;
--------------------------------------------------------
--  DDL for Trigger VENDORS_TRG
--------------------------------------------------------

  CREATE OR REPLACE TRIGGER "ADMIN"."VENDORS_TRG" 
BEFORE INSERT ON VENDORS 
FOR EACH ROW 
BEGIN
  <<COLUMN_SEQUENCES>>
  BEGIN
    NULL;
  END COLUMN_SEQUENCES;
END;
/
ALTER TRIGGER "ADMIN"."VENDORS_TRG" ENABLE;
--------------------------------------------------------
--  DDL for Trigger VENDORS_TRG1
--------------------------------------------------------

  CREATE OR REPLACE TRIGGER "ADMIN"."VENDORS_TRG1" 
BEFORE INSERT ON VENDORS 
FOR EACH ROW 
BEGIN
  <<COLUMN_SEQUENCES>>
  BEGIN
    IF INSERTING AND :NEW.ID IS NULL THEN
      SELECT VENDORS_SEQ1.NEXTVAL INTO :NEW.ID FROM SYS.DUAL;
    END IF;
  END COLUMN_SEQUENCES;
END;
/
ALTER TRIGGER "ADMIN"."VENDORS_TRG1" ENABLE;
